Make,Country
Mercedes-Benz,Germany
Mitsubishi,Japan
Koenigsegg,Sweden
Skoda,Czech
Fisker,Finland
Citroen,France
DS,France
Peugeot,France
Renault,France
Secma,France
Aston Martin,GB
Bentley,GB
Jaguar,GB
Land Rover,GB
Lotus,GB
MINI,GB
McLaren,GB
Morgan,GB
NA,GB
Westfield,GB
Audi,Germany
BMW,Germany
Binz,Germany
Opel,Germany
Porsche,Germany
Smart,Germany
Volkswagen,Germany
Iveco,India
Mia,India
Tata,India
Alfa Romeo,Italy
Dacia,Italy
Ferrari,Italy
Fiat,Italy
Lamborghini,Italy
Lancia,Italy
Martin Motors,Italy
Maserati,Italy
Tazzari,Italy
Daihatsu,Japan
Honda,Japan
Infiniti,Japan
Isuzu,Japan
Lexus,Japan
Mazda,Japan
Mitshubishi,Japan
Nissan,Japan
Subaru,Japan
Suzuki,Japan
Toyota,Japan
Hyundai,Korea
Kia,Korea
Ssangyong,Korea
Seat,Spain
Nilsson,Sweden
Saab,Sweden
Volvo,Sweden
Cadillac,US
Chevrolet,US
Chevrolet US,US
Chrysler,US
Dodge,US
Ford,US
Jeep,US
Polaris,US
Tesla,US
Think,US
